"Godkänn avtalet: Jag har läst avtalet och godkänner det genom att bocka i denna ruta","Författare: First","Författare: Last","Jag vill lägga till ytterligare en författare: Jag vill lägga till ytterligare en författare","Författare (kopiera): First","Författare (kopiera): Last","Jag vill ge ut min bok under pseudonym (kopiera): Jag vill ge ut min bok under pseudonym","Mitt riktiga namn vid pseudonym: First","Mitt riktiga namn vid pseudonym: Last","Address: Address Line 1","Address: Address Line 2","Address: City","Address: State","Address: Zip/Postal Code","Address: Country",Företagsnamn,E-post,"Var  vill du mottaga bokens intäkter? (Enbart svenska kontonummer)","Bankens namn","Bokens titel","Bokens handling","Datum för önskad lansering","Publicera min bok på välkända internetbokhandlar och streamingtjänster som:: Ljudbok","Publicera min bok på välkända internetbokhandlar och streamingtjänster som:: E-bok","Uppläsare av ljudboken: First","Uppläsare av ljudboken: Last","Priset för min bok: 119-129 kr","Priset för min bok: 79-89 kr","Priset för min bok: 59-69 kr (t.ex. barnbok 0-3 år)","Priset för min bok: 39-49 kr (t.ex. längre novell eller kortare roman)","Priset för min bok: 17-25 kr (t.ex. kortare novell)","Priset för min bok: Annat pris - ange pris nedan","Annat pris","Välj en eller flera kategorier för din bok: Från 0-3 år","Välj en eller flera kategorier för din bok: Från 3 år","Välj en eller flera kategorier för din bok: Från 6 år","Välj en eller flera kategorier för din bok: Från 9 år","Välj en eller flera kategorier för din bok: Från 12 år","Välj en eller flera kategorier för din bok: Agronomi och lantbruk","Välj en eller flera kategorier för din bok: Ande, kropp och själ","Välj en eller flera kategorier för din bok: Deckare","Välj en eller flera kategorier för din bok: Djur och natur","Välj en eller flera kategorier för din bok: Ekonomi, finansväsen, näringsliv och management","Välj en eller flera kategorier för din bok: Erotik","Välj en eller flera kategorier för din bok: Faktaböcker barn och ungdom","Välj en eller flera kategorier för din bok: Familj och hälsa","Välj en eller flera kategorier för din bok: Fantasy","Välj en eller flera kategorier för din bok: Filosofi","Välj en eller flera kategorier för din bok: Fiske, jakt och skytte","Välj en eller flera kategorier för din bok: Fysik","Välj en eller flera kategorier för din bok: Företagsekonomi och management","Välj en eller flera kategorier för din bok: Geografi","Välj en eller flera kategorier för din bok: Hantverk och handarbete","Välj en eller flera kategorier för din bok: Historia och arkeologi","Välj en eller flera kategorier för din bok: Historiska romaner","Välj en eller flera kategorier för din bok: Hobby, spel och lekar","Välj en eller flera kategorier för din bok: Humor","Välj en eller flera kategorier för din bok: Humoristiska romaner","Välj en eller flera kategorier för din bok: Hus och hem","Välj en eller flera kategorier för din bok: Husdjur","Välj en eller flera kategorier för din bok: Informationsteknik","Välj en eller flera kategorier för din bok: Juridik","Välj en eller flera kategorier för din bok: Kemi","Välj en eller flera kategorier för din bok: Krig och försvar","Välj en eller flera kategorier för din bok: Mat och dryck","Välj en eller flera kategorier för din bok: Matematik","Välj en eller flera kategorier för din bok: Medicin och omvårdnad","Välj en eller flera kategorier för din bok: Medievetenskap","Välj en eller flera kategorier för din bok: Miljön","Välj en eller flera kategorier för din bok: Personliga och sociala frågor barn och ungdom","Välj en eller flera kategorier för din bok: Religion och tro","Välj en eller flera kategorier för din bok: Resekartor och reseatlaser","Välj en eller flera kategorier för din bok: Självhjälp och praktiska råd","Välj en eller flera kategorier för din bok: Sport, idrott och friluftsliv","Välj en eller flera kategorier för din bok: Sömnad och handarbete","Välj en eller flera kategorier för din bok: Språkundervisning och språkinlärning","Välj en eller flera kategorier för din bok: Biografi och prosa (ej fiktion)","Välj en eller flera kategorier för din bok: Personliga berättelser","Välj en eller flera kategorier för din bok: True crime","Välj en eller flera kategorier för din bok: Litteraturhistoria och kritik","Välj en eller flera kategorier för din bok: Modern och samtida skönlitteratur","Välj en eller flera kategorier för din bok: Klassiker","Välj en eller flera kategorier för din bok: Biografiska romaner","Välj en eller flera kategorier för din bok: Klassiska deckare","Välj en eller flera kategorier för din bok: Mysdeckare","Välj en eller flera kategorier för din bok: Polisromaner","Välj en eller flera kategorier för din bok: Thrillers / spänningsromaner","Välj en eller flera kategorier för din bok: Äventyrsromaner / action","Välj en eller flera kategorier för din bok: Skräck och övernaturligt","Välj en eller flera kategorier för din bok: Myter, sagor och legender i skönlitterär form","Välj en eller flera kategorier för din bok: Feelgood","Välj en eller flera kategorier för din bok: Romance","Välj en eller flera kategorier för din bok: Familj / släktromaner","Välj en eller flera kategorier för din bok: Noveller","Välj en eller flera kategorier för din bok: Skönlitteratur i översättning","Välj en eller flera kategorier för din bok: Citatsamlingar, ordspråk och aforismer","Välj en eller flera kategorier för din bok: Naturvetenskap: allmänt","Välj en eller flera kategorier för din bok: Teknik, ingenjörsvetenskap, lantbruk och industri","Välj en eller flera kategorier för din bok: Kontorsprogram","Välj en eller flera kategorier för din bok: Kost och träning","Välj en eller flera kategorier för din bok: Privatekonomi","Välj en eller flera kategorier för din bok: Populärpsykologi och personlig utveckling","Välj en eller flera kategorier för din bok: Meditation och visualisering","Välj en eller flera kategorier för din bok: Hus och hem","Välj en eller flera kategorier för din bok: Trädgårdsskötsel","Välj en eller flera kategorier för din bok: Resor och platser","Välj en eller flera kategorier för din bok: Tecknade romaner, serier, manga, skämtteckningar","Välj en eller flera kategorier för din bok: Bilderböcker","Välj en eller flera kategorier för din bok: Faktaböcker 0-6 år","Välj en eller flera kategorier för din bok: Skönlitteratur barn och ungdom: modern och samtida","Välj en eller flera kategorier för din bok: Skönlitteratur barn och ungdom: spänning och äventyr","Välj en eller flera kategorier för din bok: Skönlitteratur barn och ungdom: rysare och spökhistorier","Välj en eller flera kategorier för din bok: Skönlitteratur barn och ungdom: superhjältar","Välj en eller flera kategorier för din bok: Skönlitteratur barn och ungdom: science fiction","Välj en eller flera kategorier för din bok: Skönlitteratur barn och ungdom: fantasy","Välj en eller flera kategorier för din bok: Skönlitteratur barn och ungdom: sagor, myter och legender","Välj en eller flera kategorier för din bok: Skönlitteratur barn och ungdom: relationer","Välj en eller flera kategorier för din bok: Skönlitteratur barn och ungdom: naturberättelser och djurberättelser","Välj en eller flera kategorier för din bok: Skönlitteratur barn och ungdom: roliga berättelser","Välj en eller flera kategorier för din bok: Skönlitteratur barn och ungdom: sportberättelser","Välj en eller flera kategorier för din bok: Skönlitteratur barn och ungdom: skolberättelser","Välj en eller flera kategorier för din bok: Skönlitteratur barn och ungdom: noveller","Välj en eller flera kategorier för din bok: Barn och ungdom: biografier","Välj en eller flera kategorier för din bok: Barn och ungdom: allmän fakta","Välj en eller flera kategorier för din bok: Barn och ungdom: historia","Välj en eller flera kategorier för din bok: Barn och ungdom: krig","Välj en eller flera kategorier för din bok: Barn och ungdom: arbete, politik och samhälle","Välj en eller flera kategorier för din bok: Barn och ungdom: litteraturhistoria","Välj en eller flera kategorier för din bok: Barn och ungdom: folk och länder","Välj en eller flera kategorier för din bok: Barn och ungdom: natur, djur och naturens värld","Välj en eller flera kategorier för din bok: Barn och ungdom: hobby, hantverk och praktiska intressen","Välj en eller flera kategorier för din bok: Barn och ungdom: filosofi, religion och andlighet","Välj en eller flera kategorier för din bok: Barn och ungdom: naturvetenskap och teknik","Välj en eller flera kategorier för din bok: Barn och ungdom: humor","Välj en eller flera kategorier för din bok: Barn och ungdom: spel, lekar och frågesport","Välj en eller flera kategorier för din bok: Barn och ungdom: sport och friluftsaktiviteter","Välj en eller flera kategorier för din bok: Barn och ungdom: mysterier och övernaturligt","Välj en eller flera kategorier för din bok: Läromedel","Välj en eller flera kategorier för din bok: Lättläst för barn / ungdomar","Välj en eller flera kategorier för din bok: Från 15 år","Välj en eller flera kategorier för din bok: Lättläst för vuxna","Välj en eller flera kategorier för din bok: Jul","File Upload","Jag sänder även filer via Sprend.: Markera detta val så vi kan matcha ditt formulär med filerna från Sprend. Ange titelns namn i Sprends meddelanderuta.","Meddelande till Digibook","Publicering av bok 299 kr (6% moms ingår)","Välj eventuellt ett eller flera tillval: Digibook skapar e-boks-fil (EPUB)","Välj eventuellt ett eller flera tillval: Digibook skapar bokframsida","Välj eventuellt ett eller flera tillval: Digibook konverterar dina MP3-filer till WAV-filer",Total,"Entry ID","Entry Date","Entry Notes",Type,Viewed,Starred,"User Agent","User IP","Unique Generated User ID","Payment Status","Payment Gateway Information","Geolocation Details","User Journey information"
Checked,Daniel,Johansson,,,,,,,"Rhedinsgatan 4",,30232,Halmstad,,,,barbrogruppen1986@gmail.com,,,"Utvärdering av sociala insatser med utgångspunkt i genomförandeplanen","Hur kan insatser för särskilt stöd och service enligt LSS utvärderas i de fall målgruppen för dessa insatser saknar förmågan att på ett adekvat sätt uttrycka sina behov och önskemål kring insatsernas utformning? Den frågan är temat för denna bok. Att utföra kvalificerad utvärdering inom detta område kräver kunskaper, dels om verksamheten och dess målgrupp, dels om utvärderandets potential. Genom hänvisning till forskning inom området, men även genom att illustrera egna erfarenheter från tidigare utförda utvärderingar, är avsikten med boken att uppvisa en 
möjlighet att hantera denna uppgift i form av ett tillämpbart utvärderingsverktyg.","April 28, 2025",,E-bok,,,,,,,"17-25 kr (t.ex. kortare novell)",,,,,,,,,,,,,,,,,,,,"Företagsekonomi och management",,,,,,,,,,,,,,,,,,,,,,,,,,,,,,,,,,,,,,,,,,,,,,,,,,,,,,,,,,,,,,,,,,,,,,,,,,,,,,,,,,,,,,,Läromedel,,,,,,Checked,,"299,00 Kr",,,,"299,00 Kr",1342,"april 22, 2025 19:12",,Completed,Yes,No,"Mozilla/5.0 (Windows NT 10.0; Win64; x64) AppleWebKit/537.36 (KHTML, like Gecko) Chrome/135.0.0.0 Safari/537.36 Edg/135.0.0.0",83.182.46.33,860eed90-94c2-471a-96a4-addc462d51db,,,"Lat/Long: 59.6146, 16.5528
Map: https://maps.google.com/maps?q=Västerås,Västmanland County&ll=59.6146,16.5528&z=6&output=embed
Location: Västerås, Västmanland County
Postal: 725 97
Country: SE
","april 22, 2025
- 17:31 - Digibook – Publicering av digitala böcker - https://www.digibook.se/#Sec3
- 19:06 - Ladda upp bok lösenord – Digibook - 2 timmar - https://www.digibook.se/ladda-upp-bok-password/
"
Checked,Jan,Stefors,,,,,,,funkisvagen10,,"254 68",Helsingborg,,,,jannestefors@gmail.com,9060.29.896.71,"Länsförsäkringar Bank","Ledarskap med Hjärta och Mod","Det enda sättet att leda på riktigt – Ingen genväg, inga ursäkter.

Ledarskap är ingen titel, det är ett ansvar. Det handlar inte om att sitta på toppen och styra, utan om att lyfta andra, ta tuffa beslut och bygga en kultur där människor vågar växa.

Den här boken är för dig som vill leda – inte bara i ord, utan i handling. För dig som vet att verkligt ledarskap kräver både hjärta och mod.

Hjärta, för att se människorna bakom resultaten, förstå deras drivkrafter och bygga förtroende som håller i stormen.
Mod, för att våga fatta beslut som kanske inte är populära, men som är nödvändiga.

Oavsett om du är en ny ledare eller har decennier av erfarenhet, ger denna bok dig konkreta verktyg, skarpa insikter och verkliga berättelser om ledarskapets prövningar och triumfer.

Den är för dig som vill skapa en arbetsplats där människor tar ansvar, trivs och levererar – och där ledarskapet handlar om mer än bara siffror och strategier.

Är du redo att leda med hjärta och mod?","April 17, 2025",,E-bok,,,"119-129 kr",,,,,,,,,,,,,,,,,,,,,,,,"Företagsekonomi och management",,,,,,,,,,,,,,,,,,,,,,,,,,,,,,,,,,,,,,,,,,,,,,,,,,,,,,,,,,,,,,,,,,,,,,,,,,,,,,,,,,,,,,,,,,,,https://www.digibook.se/wp-content/uploads/wpforms/5466-f79526f899b275b05ae57356e27ee06b/Ledarskap_Slutversion-d6b257e1a5f6408a32b5c934c8846a22.docx,,"är inte klok på om man skulle ha innehållsförteckning eller ej men ska det inte så kan ni kanske bara ta bort det
omslagssidan skulle jag vilja ha som i wordfilen men ni kan kanske lägga er proffsighet på den
är det annat ni ser så bara kontakta mig och kanske kan ni hjälpa till med att ändra mot en kostnad","299,00 Kr","Digibook skapar e-boks-fil (EPUB) - 399,00 Kr","Digibook skapar bokframsida - 299,00 Kr",,"997,00 Kr",1310,"mars 18, 2025 18:04",,Completed,Yes,No,"Mozilla/5.0 (Windows NT 10.0; Win64; x64) AppleWebKit/537.36 (KHTML, like Gecko) Chrome/134.0.0.0 Safari/537.36",193.235.46.41,ed07a5fa-0434-4ae4-8c19-180d0572cecb,,,"Lat/Long: 56.045, 12.6923
Map: https://maps.google.com/maps?q=Helsingborg,Skåne County&ll=56.045,12.6923&z=6&output=embed
Location: Helsingborg, Skåne County
Postal: 254 61
Country: SE
","mars 18, 2025
- 17:55 - Ladda upp bok lösenord – Digibook - https://www.digibook.se/ladda-upp-bok-password/
"
Checked,Piona,"di Polo",,,,Checked,Peter,Ording,"Engelsbergsvägen 2",,"144 62",Rönninge,,,"Profexion AB",peter@profexion.se,"8327-9,14 737 786-5",Swedbank,Liberatio,"Den svenska författaren Cornelia Famn lever ett tillbakadraget liv. Större delen av året tillbringar hon i sitt strandhus på ostkusten i USA där hon skriver på sin nästa bok, och varje sommar reser hon till Sverige och sedan vidare ut på vandring någonstans i världen. Cornelia är mycket mån om sitt privatliv och undviker framgångsrikt all form av publicitet. Detta kommer dock gradvis att förändras när hon inleder en het romans med den amerikanska världsartisten Beverly Glosh och till sist tvingas hon välja mellan sitt invanda liv och kärleken. Valet är lätt men konsekvenserna blir ödesdigra.

Liberatio är en skildring av hur lycka snabbt kan utbytas mot olycka. Hur samhällets ständigt ökande efterfrågan på nyheter och sensationer och kändismedias exploatering av detta kan ödelägga människors liv. Men det är även en berättelse om en kvinna som är fast besluten att förgöra de mörka krafterna bakom och en gång för alla befria världen från vansinnet.
 
Piona di Polo är en pseudonym för en författare av erotisk litteratur som tidigare gett ut ett tjugotal noveller och en roman. Erotiken får ett stort utrymme även i denna berättelse men historien handlar framför allt om stor kärlek, djup sorg och mycket noggrant planlagd vedergällning.",,,E-bok,,,,,,,,"Annat pris - ange pris nedan",100,,,,,,,,,,,Erotik,,,,,,,,,,,,,,,,,,,,,,,,,,,,,,,,,,,,,"Modern och samtida skönlitteratur",,,,,,,,,,,Romance,,,,,,,,,,,,,,,,,,,,,,,,,,,,,,,,,,,,,,,,,,,,,,,,,,,https://www.digibook.se/wp-content/uploads/wpforms/5466-f79526f899b275b05ae57356e27ee06b/Liberatio-60667bb7ab31e3fa96299f6eeb54f083.docx,Checked,"Storytel har ett antal taggar som jag vill att boken länkar till.
Detta gäller även övriga återförsäljare om de har motsvarande taggar.

Gripande
Kärlek
Modern romance
Lesbisk romance
HBTQ litteratur
Erotik","299,00 Kr","Digibook skapar e-boks-fil (EPUB) - 399,00 Kr",,,"698,00 Kr",1299,"mars 4, 2025 16:07",,Completed,Yes,No,"Mozilla/5.0 (Windows NT 10.0; Win64; x64) AppleWebKit/537.36 (KHTML, like Gecko) Chrome/133.0.0.0 Safari/537.36",81.234.16.245,7f538ab6-3076-4f98-91b6-5a0e54eb173d,,,"Lat/Long: 62.4853, 17.3334
Map: https://maps.google.com/maps?q=Timrå,Västernorrland County&ll=62.4853,17.3334&z=6&output=embed
Location: Timrå, Västernorrland County
Postal: 861 32
Country: SE
","september 5, 2024
- 19:15 - AI inläsning – Digibook - https://www.digibook.se/ai-inlasning/
- 19:15 - Portfolio – Digibook - 22 sekunder - https://www.digibook.se/portfolio/
- 19:16 - Marknadsföringstips – Digibook - 1 minut - https://www.digibook.se/marknadsforingstips/
- 19:17 - Skapa Wordfil – Digibook - 38 sekunder - https://www.digibook.se/skapa-wordfil/
- 19:18 - Digibook – Publicering av digitala böcker - 35 sekunder - https://www.digibook.se/
december 11, 2024
- 21:58 - Portfolio – Digibook - 3 månader - https://www.digibook.se/portfolio/
- 21:59 - Marknadsföringstips – Digibook - 1 minut - https://www.digibook.se/marknadsforingstips/
- 22:01 - AI inläsning – Digibook - 1 minut - https://www.digibook.se/ai-inlasning/
- 22:21 - Bokförlag – Digibook - 20 minuter - https://www.digibook.se/bokforlag/
- 22:21 - Portfolio – Digibook - 7 sekunder - https://www.digibook.se/portfolio/
februari 3, 2025
- 18:27 - Digibook – Publicering av digitala böcker - 2 månader - https://www.digibook.se/
- 18:42 - Portfolio – Digibook - 15 minuter - https://www.digibook.se/portfolio/
februari 17, 2025
- 08:30 - Digibook – Publicering av digitala böcker - 2 veckor - https://www.digibook.se/
- 08:30 - Skapa Wordfil – Digibook - 10 sekunder - https://www.digibook.se/skapa-wordfil/
- 08:34 - Bokförlag – Digibook - 4 minuter - https://www.digibook.se/bokforlag/
- 08:34 - Portfolio – Digibook - 16 sekunder - https://www.digibook.se/portfolio/
- 08:35 - Digibook – Publicering av digitala böcker - 40 sekunder - https://www.digibook.se/
mars 2, 2025
- 19:10 - Skapa Wordfil – Digibook - 2 veckor - https://www.digibook.se/skapa-wordfil/
mars 3, 2025
- 17:46 - Marknadsföringstips – Digibook - 23 timmar - https://www.digibook.se/marknadsforingstips/
- 17:49 - Bokförlag – Digibook - 3 minuter - https://www.digibook.se/bokforlag/
- 17:50 - FAQ – Digibook - 39 sekunder - https://www.digibook.se/faq/
- 17:51 - Marknadsföringstips – Digibook - 59 sekunder - https://www.digibook.se/marknadsforingstips/
- 18:06 - Portfolio – Digibook - 15 minuter - https://www.digibook.se/portfolio/
- 18:09 - Digibook – Publicering av digitala böcker - 3 minuter - https://www.digibook.se/
mars 4, 2025
- 15:16 - Ladda upp bok lösenord – Digibook - 21 timmar - https://www.digibook.se/ladda-upp-bok-password/
"
Checked,Birger,Nicklasson,,,,,,,"Garnviksvägen 34",,Trollhättan,"Västra Götaland",,,"B&B Books",birger_nicklasson@yahoo.se,"9060 21 436 83","Länsförsäkringar Bank","Svårigheten att förhindra mord på direktör Hansson","Jansson vaknar upp på sjukhuset, han väcks av en man som gapar och skriker i sin telefon. Jansson och hans andra sjukhuskamrat, Andersson -som ännu inte vaknat -kommer att upptäcka att den gapande mannen- Hansson -varit utsatt för ett mordförsök och det blir fler, något som Jansson och Andersson med liv och lust försöker förhindra.","February 20, 2025",Ljudbok,E-bok,Birger,Nicklasson,,"79-89 kr",,,,,,,,,,"Från 12 år",,,,,,,,,,,,,,,,,,,Humor,,,,,,,,,,,,,,,,,,,,,,,,,,,,Mysdeckare,,,,,,Feelgood,,,,,,,,,,,,,,,,,,,,,,,,,,,,,,,,,,,,,,,,,,,,,,,,,,,,https://www.digibook.se/wp-content/uploads/wpforms/5466-f79526f899b275b05ae57356e27ee06b/Rattat-korrektur-Svarigheten-att-forhindra-mordet-direktor-Hanss-c33308232641263ba837ffa9bfe9d57f.docx,,"Hans skickar ljudfilen som vanligt ( han kanske redan sänt den? )","299,00 Kr","Digibook skapar e-boks-fil (EPUB) - 399,00 Kr","Digibook skapar bokframsida - 299,00 Kr","Digibook konverterar dina MP3-filer till WAV-filer - 199,00 Kr","1.196,00 Kr",1281,"februari 8, 2025 13:48",,Completed,Yes,No,"Mozilla/5.0 (Windows NT 10.0; Win64; x64) AppleWebKit/537.36 (KHTML, like Gecko) Chrome/132.0.0.0 Safari/537.36",217.211.130.185,3b214453-7154-4293-8c3d-7ea1ae18a14e,,,"Lat/Long: 58.2854, 12.2816
Map: https://maps.google.com/maps?q=Trollhättan,Västra Götaland County&ll=58.2854,12.2816&z=6&output=embed
Location: Trollhättan, Västra Götaland County
Postal: 461 58
Country: SE
",
Checked,safsafsdf,dsfs,,,,,,,dsafdas,,dasdas,dasdas,,,,marino@assarsson.one,sdsa,dsad,dsadsad,sadsa,,,E-bok,,,,,"59-69 kr (t.ex. barnbok 0-3 år)",,,,,,,,"Från 9 år",,,,,,,,,,,,,,,,,,,,,,,,,,,,,,,,,,,,,,,,,,,,,,,,,,,,,,,,,,,,,,,,,,,,,,,,,,,,,,,,,,,,,,,,,,,,,,,,,,,,,,,,,,https://www.digibook.se/wp-content/uploads/wpforms/5466-f79526f899b275b05ae57356e27ee06b/Teologie-Pettersson-KLAR_new-4f0f214391686dccc80a28d06565bed7.docx,,,"299,00 Kr",,"Digibook skapar bokframsida - 299,00 Kr",,"598,00 Kr",1280,"februari 8, 2025 13:26",,Completed,No,No,"Mozilla/5.0 (Macintosh; Intel Mac OS X 10_15_7) AppleWebKit/537.36 (KHTML, like Gecko) Chrome/131.0.0.0 Safari/537.36",195.49.161.220,4a22d3e0-971d-4280-8da1-0f612bed2364,,,"Lat/Long: 56.5152, 13.0407
Map: https://maps.google.com/maps?q=Laholm,Halland County&ll=56.5152,13.0407&z=6&output=embed
Location: Laholm, Halland County
Postal: 312 32
Country: SE
","februari 8, 2025
- 13:25 - Ladda upp bok lösenord – Digibook - https://www.digibook.se/ladda-upp-bok-password/
"
Checked,test,dsad,,,,,,,dsads,,dasd,dasd,,,,marino@assarsson.one,scs,dsfdsfdfdsfsd,dsfdsfsd,dsfdsfds,,,E-bok,,,,"79-89 kr",,,,,,,"Från 3 år",,,,,,,,,,,,,,,,,,,,,,,,,,,,,,,,,,,,,,,,,,,,,,,,,,,,,,,,,,,,,,,,,,,,,,,,,,,,,,,,,,,,,,,,,,,,,,,,,,,,,,,,,,,,,,,"299,00 Kr","Digibook skapar e-boks-fil (EPUB) - 399,00 Kr",,,"698,00 Kr",1279,"februari 8, 2025 13:24",,Completed,No,No,"Mozilla/5.0 (Macintosh; Intel Mac OS X 10_15_7) AppleWebKit/537.36 (KHTML, like Gecko) Chrome/131.0.0.0 Safari/537.36",195.49.161.220,4a22d3e0-971d-4280-8da1-0f612bed2364,,,"Lat/Long: 56.5152, 13.0407
Map: https://maps.google.com/maps?q=Laholm,Halland County&ll=56.5152,13.0407&z=6&output=embed
Location: Laholm, Halland County
Postal: 312 32
Country: SE
","januari 6, 2025
- 14:06 - Digibook – Publicering av digitala böcker - https://www.digibook.se/#login
- 14:08 - Digibook – Publicering av digitala böcker - 2 minuter - https://www.digibook.se/
- 14:08 - Login – Digibook - 16 sekunder - https://www.digibook.se/login-2/
- 14:09 - Reset Password – Digibook - 55 sekunder - https://www.digibook.se/reset-password/
- 14:11 - Reset Password – Digibook - 2 minuter - https://www.digibook.se/reset-password/
- 14:11 - Reset Password – Digibook - 9 sekunder - https://www.digibook.se/reset-password/
- 14:11 - Reset Password – Digibook - 23 sekunder - https://www.digibook.se/reset-password/
- 14:12 - Reset Password – Digibook - 13 sekunder - https://www.digibook.se/reset-password/
- 14:12 - Mitt konto – Digibook - 13 sekunder - https://www.digibook.se/mitt-konto/
- 14:13 - Reset Password – Digibook - 49 sekunder - https://www.digibook.se/reset-password/
- 14:13 - Reset Password – Digibook - 26 sekunder - https://www.digibook.se/reset-password/
- 14:13 - Reset Password – Digibook - 10 sekunder - https://www.digibook.se/reset-password/
- 14:14 - Mitt konto – Digibook - 19 sekunder - https://www.digibook.se/mitt-konto/
januari 17, 2025
- 11:09 - Mitt konto – Digibook - 2 veckor - https://www.digibook.se/mitt-konto/
- 11:12 - Login – Digibook - 3 minuter - https://www.digibook.se/login-2/
- 11:12 - Login – Digibook - 11 sekunder - https://www.digibook.se/login-2/
- 11:13 - Test-kurs – betalversion 2 – Digibook - 1 minut - https://www.digibook.se/courses/test-kurs-betalversion-2/
- 11:13 - Kurser – Digibook - 5 sekunder - https://www.digibook.se/courses/
- 11:13 - Skrivarkurs (betalversion) – TEST – Digibook - 18 sekunder - https://www.digibook.se/courses/skrivarkurs-med-katinka-wallner-3/
- 11:14 - Login – Digibook - 10 sekunder - https://www.digibook.se/login-2/
- 11:14 - Skrivarkurs (betalversion) – TEST – Digibook - 3 sekunder - https://www.digibook.se/courses/skrivarkurs-med-katinka-wallner-3/
- 11:15 - Test-kurs – betalversion 2 – Digibook - 2 minuter - https://www.digibook.se/courses/test-kurs-betalversion-2/
januari 19, 2025
- 11:24 - Mitt konto – Digibook - 2 dagar - https://www.digibook.se/mitt-konto/
- 15:04 - Test-kurs – betalversion 2 – Digibook - 4 timmar - https://www.digibook.se/courses/test-kurs-betalversion-2/
februari 8, 2025
- 12:57 - Kort och faktura upload – Digibook - 3 veckor - https://www.digibook.se/elementor-3317/
- 13:15 - Ladda upp bok lösenord – Digibook - 18 minuter - https://www.digibook.se/ladda-upp-bok-password/
"
